Gene,Sequence,mean_raw_counts
Rn45s,1000010001001000,11661.101
Actb,0001100010000001,3244.7568
Tubb5,0000001100110000,2249.1375
Tmsb4x,0110000000000110,1910.8734
Hsp90ab1,0110011000000000,1660.8663
Tubb3,0000000001010101,1489.3964
Tuba1a,1000100010001000,1430.0481
Atp5b,0001000100100010,1017.83606
Malat1,0100001000100100,894.7173
Map1b,1001000000001001,892.9089
Nedd4,0010100010000010,843.968
Eif4g2,0000010101010000,793.3591
Eef1a1,0000001100000011,752.7897
Vim,1100000011000000,700.8439
Eef2,0001010000010100,640.5623
Rpl4,0010100000101000,623.8384
Trp53i11,0001100001000010,614.1988
Nnat,1000001000101000,582.2164
Cdk4,0100000100010100,555.95685
Rps3,0010010010000001,544.47815
Gnas,1111000000000000,539.037
Rps5,1100110000000000,534.97577
Ctnnb1,1100001100000000,521.2104
Prdx2,1100000000110000,513.4355
Gnb2l1,1100000000001100,497.82065
Stmn2,1100000000000011,494.92426
Ppp1r17,1010101000000000,488.6049
Calm1,1010010100000000,478.34702
Atp5a1,1010000010100000,473.23557
Ddx5,1010000001010000,463.61603
Mfap4,1010000000001010,454.92874
Hspa5,1010000000000101,451.65518
Coro1c,1001100100000000,448.8965
Isl1,1001011000000000,445.43903
Scd2,1001000010010000,426.83783
Cct5,1001000001100000,414.2953
Uba1,1001000000000110,413.1242
Ywhae,1000100001000100,410.38956
Cct8,1000100000100010,393.04465
Cct7,1000100000010001,384.89212
Sox11,1000010010000100,382.06674
Rpl8,1000010000100001,376.69922
Cct3,1000010000010010,370.46182
Akr1a1,1000001010000010,369.82843
Crmp1,1000001001000001,367.83685
Elavl4,1000001000010100,367.42053
Hnrnph1,1000000110000001,366.62335
Pkm,1000000101000010,363.0574
Nefm,1000000100100100,362.98056
Ldha,1000000100011000,358.96204
Cct6a,0110100100000000,355.84827
Hes6,0110000010010000,353.42664
Neurod1,0110000001100000,353.02554
Rgs4,0110000000001001,350.11584
Npr2,0101101000000000,348.68405
Pcbp4,0101010100000000,347.7428
Eif5a,0101000010100000,338.38058
Calr,0101000001010000,337.94806
Cd24a,0101000000001010,336.82758
Dpysl4,0101000000000101,325.00244
Tcp1,0100100010000100,319.18744
Maged1,0100100001001000,315.2057
Calm2,0100100000100001,312.20004
Pdia3,0100100000010010,311.23874
Rplp0,0100010010001000,310.73093
Acly,0100010001000100,309.97034
Caprin1,0100010000100010,308.31244
Ntrk1,0100010000010001,307.6644
Hnrnpu,0100001010000001,301.146
Cadm1,0100001001000010,298.08618
Nefl,0100001000011000,295.08398
Hnrnpab,0100000110000010,292.65848
Rtn1,0100000101000001,291.59442
Tmem2,0100000100101000,290.97357
Cnbp,0011110000000000,290.59537
Smarca4,0011001100000000,288.44934
Mdh2,0011000011000000,287.4896
Gdi1,0011000000110000,286.34482
H3f3b,0011000000001100,285.0196
Cnn3,0011000000000011,278.56573
Cdhr1,0010100001000001,276.83237
Tpm4,0010100000010100,275.2355
Ptprf,0010010001000010,269.9793
Slc25a3,0010010000100100,268.72037
Ccser2,0010010000011000,268.4002
Ddb1,0010001010001000,267.98724
Srrm2,0010001001000100,265.94485
Hnrnpa2b1,0010001000100010,263.95062
Dpysl2,0010001000010001,262.44708
Fscn1,0010000110000100,261.73093
Ywhab,0010000101001000,261.7148
Epb4.1,0010000100100001,261.50095
Cct2,0010000100010010,260.9562
Eef1b2,0001100000100100,260.77008
Nisch,0001100000011000,260.4782
Afap1,0001010010000010,260.06567
Hsp90b1,0001010001000001,259.13925
P4hb,0001010000101000,258.8552
Mreg,0001001010000100,258.76773
Cotl1,0001001001001000,258.31033
Ddx39b,0001001000100001,256.83325
Ppp1ca,0001001000010010,255.83562
Cntn2,0001000110001000,253.76569
Tagln3,0001000101000100,253.73668
Nrep,0001000100010001,253.47229
Gnb1,0000111100000000,252.99078
Fkbp1a,0000110011000000,252.49431
Cfl1,0000110000110000,251.72069
Marcksl1,0000110000001100,251.66093
Gpi1,0000110000000011,250.23009
Cct4,0000101010100000,248.89993
Cyfip2,0000101001010000,245.51833
Pde2a,0000101000001010,244.91495
Arhgdia,0000101000000101,243.28984
Fkbp4,0000100110010000,240.60445
Miat,0000100101100000,238.35287
Pfn1,0000100100001001,237.8896
Npm1,0000100100000110,237.54506
Tspan3,0000011010010000,235.68169
Prkar1a,0000011001100000,235.11156
Ttc3,0000011000001001,235.02531
Amotl2,0000011000000110,234.62302
Eif4h,0000010110100000,234.32863
Nme1,0000010100001010,232.54126
Neurod4,0000010100000101,232.09303
Dpysl3,0000001111000000,229.6977
Flna,0000001100001100,227.65407
Rnf187,0000000011110000,226.86313
Usp22,0000000011001100,226.54135
Cox4i1,0000000011000011,225.20923
Hdac2,0000000010101010,224.38744
Hn1,0000000010100101,222.67131
Hnrnpm,0000000010011001,221.14487
Tecr,0000000010010110,219.51482
Srsf7,0000000001101001,217.46423
Slc25a4,0000000001100110,213.94714
Serbp1,0000000001011010,213.01848
Rtn3,0000000000111100,212.58519
Ckb,0000000000110011,212.38971
Dctn1,0000000000001111,212.1873
