Gene,Sequence
Erbb4,00100100000000000010010000000000
Gad2,01001000000000000000000010000100
Epha6,00000000101010100000000000000000
Meis2,00000000000100010000000000010001
Nxph1,00000000000000000101000000001010
Ntrk3,10000010000000001000001000000000
Rmst,00000001010000000000100000100000
Htr2c,00010000000001000000000101000000
Egfem1,00000000000000000001000100010001
Gabbr2,00000000010001000000000000100010
Ntng1,10001000000000000100010000000000
Tshz2,00000001000100001000000000001000
Chrm3,00000100000010000000100000000100
Grm8,01010000101000000000000000000000
Grik1,00100010000000000010001000000000
Pde1a,00000000000000110000000011000000
Npas3,00000000110000000000000000001100
Grm1,00010000000001001000000000000010
Fstl5,01000001000000000010100000000000
Caln1,00001100000000000000001100000000
Il1rapl2,00000000001000100100010000000000
Mef2c,10000010000000000000000001000001
Hs3st4,00100000000100000001000000100000
Slc38a1,00000000000010010000000010010000
Kcnip1,00000010000000010000000100000010
Fgf13,00010100000000000000000000101000
Tcf7l2,00100000001000000001000000010000
Nell1,10000000000001000000010010000000
Zmat4,00000000010110100000000000000000
Nfib,01000000100000000000001000000001
Slc17a6,00000000000000001000100001000100
Efna5,00001001000000000110000000000000
Rgs6,00100000000001000000000110000000
Pbx3,00000000000000001111000000000000
Unc13c,01001000000100100000000000000000
Zeb2,00010100001010000000000000000000
Adcy2,00000001100000000000001001000000
Esrrg,00000000000000000000000000111100
Dscaml1,10000010010000010000000000000000
Zfpm2,00000000000000000000110000000011
Ldb2,11110000000000000000000000000000
Zfp536,11001100000000000000000000000000
Ephb1,11000011000000000000000000000000
Aff2,11000000110000000000000000000000
Zfhx4,11000000001100000000000000000000
Kctd8,11000000000011000000000000000000
Slc32a1,11000000000000110000000000000000
Slit2,11000000000000001100000000000000
Plcxd3,11000000000000000011000000000000
Synpr,11000000000000000000110000000000
St6galnac5,11000000000000000000001100000000
Ebf1,11000000000000000000000011000000
Adcy8,11000000000000000000000000110000
Gda,11000000000000000000000000001100
Cnr1,11000000000000000000000000000011
Chrm2,10101010000000000000000000000000
Dach1,10100101000000000000000000000000
Alk,10100000101000000000000000000000
Pld5,10100000010100000000000000000000
Epha4,10100000000010100000000000000000
Tox,10100000000001010000000000000000
Mpped2,10100000000000001010000000000000
Slit3,10100000000000000101000000000000
Necab1,10100000000000000000101000000000
Sox5,10100000000000000000010100000000
Trpc5,10100000000000000000000010100000
Calb2,10100000000000000000000001010000
Sv2b,10100000000000000000000000001010
Bcl11a,10100000000000000000000000000101
Trhde,10011001000000000000000000000000
Nr2f2,10010110000000000000000000000000
Baiap3,10010000100100000000000000000000
Dlk1,10010000011000000000000000000000
Sema5a,10010000000010010000000000000000
Adgrl2,10010000000001100000000000000000
Samd5,10010000000000001001000000000000
Nwd2,10010000000000000110000000000000
Slc17a7,10010000000000000000100100000000
Ier3ip1,10010000000000000000011000000000
Zic1,10010000000000000000000010010000
Kcnmb2,10010000000000000000000001100000
Nfia,10010000000000000000000000001001
Sema6a,10010000000000000000000000000110
Reln,10001000100010000000000000000000
Grik3,10001000010001000000000000000000
Shisa6,10001000001000100000000000000000
Nfix,10001000000100010000000000000000
Parm1,10001000000000001000100000000000
Grik4,10001000000000000010001000000000
Stxbp6,10001000000000000001000100000000
Galnt18,10001000000000000000000010001000
Vwc2l,10001000000000000000000001000100
Lypd1,10001000000000000000000000100010
Bcl11b,10001000000000000000000000010001
Trps1,10000100100001000000000000000000
Grm3,10000100010010000000000000000000
Ndst4,10000100001000010000000000000000
Epha7,10000100000100100000000000000000
Oprm1,10000100000000001000010000000000
Rorb,10000100000000000100100000000000
Glra3,10000100000000000010000100000000
Calb1,10000100000000000001001000000000
Ebf3,10000100000000000000000010000100
Vwc2,10000100000000000000000001001000
Ar,10000100000000000000000000100001
Man1a,10000100000000000000000000010010
C1ql3,10000010100000100000000000000000
Ankfn1,10000010001010000000000000000000
Vgf,10000010000101000000000000000000
Spon1,10000010000000000100000100000000
Id4,10000010000000000010100000000000
Marcksl1,10000010000000000001010000000000
Chn2,10000010000000000000000010000010
Sox6,10000010000000000000000000101000
Satb1,10000010000000000000000000010100
Epha3,10000001100000010000000000000000
Ptk2b,10000001010000100000000000000000
Kcnk9,10000001001001000000000000000000
Nr2f1,10000001000110000000000000000000
Syndig1,10000001000000001000000100000000
Prlr,10000001000000000100001000000000
Fign,10000001000000000010010000000000
Tox2,10000001000000000001100000000000
Sox11,10000001000000000000000010000001
Epha10,10000001000000000000000001000010
Gfra1,10000001000000000000000000100100
Pcp4l1,10000001000000000000000000011000
Ebf2,10000000100000001000000010000000
Cdh6,10000000100000000100000001000000
Sv2c,10000000100000000010000000100000
Cbln2,10000000100000000001000000010000
Meis1,10000000100000000000100000001000
Tshz1,10000000100000000000010000000100
Etv1,10000000100000000000001000000010
Glra1,10000000100000000000000100000001
Cux2,10000000010000001000000001000000
Galnt14,10000000010000000100000010000000
Trpc4,10000000010000000010000000010000
Shox2,10000000010000000001000000100000
Zfp521,10000000010000000000100000000100
Pou6f2,10000000010000000000010000001000
Cdh20,10000000010000000000001000000001
Tcerg1l,10000000010000000000000100000010
Rab3b,10000000001000001000000000100000
Cdh9,10000000001000000100000000010000
Htr1f,10000000001000000010000010000000
Serpine2,10000000001000000001000001000000
Adamtsl1,10000000001000000000100000000010
Tox3,10000000001000000000010000000001
Cpne8,10000000001000000000001000001000
Zfp618,10000000001000000000000100000100
Dlx6os1,10000000000100001000000000010000
Adra1a,10000000000100000100000000100000
AW551984,10000000000100000010000001000000
Pcsk5,10000000000100000001000010000000
Six3,10000000000100000000100000000001
Gucy1a1,10000000000100000000010000000010
Tshz3,10000000000100000000001000000100
Ccnd2,10000000000100000000000100001000
Glra2,10000000000010001000000000001000
Tead1,10000000000010000100000000000100
Zbtb16,10000000000010000010000000000010
Adcyap1,10000000000010000001000000000001
Nr4a2,10000000000010000000100010000000
Cnih3,10000000000010000000010001000000
Dgkk,10000000000010000000001000100000
Sema3e,10000000000010000000000100010000
Adora1,10000000000001001000000000000100
Rarb,10000000000001000100000000001000
Il1rap,10000000000001000010000000000001
Fras1,10000000000001000001000000000010
Nxph4,10000000000001000000100001000000
Id2,10000000000001000000001000010000
Htr4,10000000000001000000000100100000
Syt2,10000000000000101000000000000010
Penk,10000000000000100100000000000001
Pvalb,10000000000000100010000000001000
Hs3st2,10000000000000100001000000000100
Bdnf,10000000000000100000100000100000
Syt6,10000000000000100000010000010000
Sulf2,10000000000000100000001010000000
Tfap2b,10000000000000100000000101000000
Ust,10000000000000011000000000000001
Tmem132c,10000000000000010100000000000010
Htr7,10000000000000010010000000000100
Kitl,10000000000000010001000000001000
Gpx3,10000000000000010000100000010000
Syt17,10000000000000010000010000100000
Maf,10000000000000010000001001000000
Lhfp,10000000000000010000000110000000
Plpp4,01101001000000000000000000000000
Tmem200a,01100110000000000000000000000000
Prox1,01100000100100000000000000000000
Pou3f3,01100000011000000000000000000000
Trpc7,01100000000010010000000000000000
Igf1,01100000000001100000000000000000
Lamp5,01100000000000001001000000000000
Gpr26,01100000000000000110000000000000
Pou3f2,01100000000000000000100100000000
Cbln4,01100000000000000000011000000000
Slc18a2,01100000000000000000000010010000
Prkd1,01100000000000000000000001100000
Hoxb5,01100000000000000000000000001001
Cbln1,01100000000000000000000000000110
Lypd6,01011010000000000000000000000000
Cxcl14,01010101000000000000000000000000
Osbpl3,01010000010100000000000000000000
Mkx,01010000000010100000000000000000
Pdzrn3,01010000000001010000000000000000
Onecut2,01010000000000001010000000000000
Slc6a5,01010000000000000101000000000000
Arntl,01010000000000000000101000000000
Lef1,01010000000000000000010100000000
Plch1,01010000000000000000000010100000
Gpr88,01010000000000000000000001010000
Pde11a,01010000000000000000000000001010
Kit,01010000000000000000000000000101
Mrap2,01001000100001000000000000000000
Dpf3,01001000010010000000000000000000
Sema3c,01001000001000010000000000000000
Ngb,01001000000000001000010000000000
St18,01001000000000000100100000000000
Pde3a,01001000000000000010000100000000
Egr3,01001000000000000001001000000000
Ddc,01001000000000000000000001001000
Lhx9,01001000000000000000000000100001
Col11a1,01001000000000000000000000010010
Bnc2,01000100100010000000000000000000
Col19a1,01000100010001000000000000000000
Trpc3,01000100001000100000000000000000
Ecel1,01000100000100010000000000000000
Megf11,01000100000000001000100000000000
Lypd6b,01000100000000000100010000000000
Slc30a3,01000100000000000010001000000000
Elfn1,01000100000000000001000100000000
Neurod2,01000100000000000000000010001000
Zim1,01000100000000000000000001000100
Gata3,01000100000000000000000000100010
Satb2,01000100000000000000000000010001
Stac,01000010100000010000000000000000
Fgf1,01000010010000100000000000000000
Otp,01000010001001000000000000000000
Iqgap2,01000010000110000000000000000000
Sntg2,01000010000000001000000100000000
6530403H02Rik,01000010000000000100001000000000
Tmie,01000010000000000010010000000000
Gabrq,01000010000000000001100000000000
Kcnh8,01000010000000000000000010000001
Zbtb7c,01000010000000000000000001000010
Sox2,01000010000000000000000000100100
Dchs2,01000010000000000000000000011000
Isoc1,01000001100000100000000000000000
Chrm1,01000001010000010000000000000000
Lhx6,01000001001010000000000000000000
Mdga1,01000001000101000000000000000000
Slc5a7,01000001000000001000001000000000
Plagl1,01000001000000000100000100000000
Gpr101,01000001000000000001010000000000
Wls,01000001000000000000000010000010
Tacr1,01000001000000000000000001000001
Fat1,01000001000000000000000000101000
Scml4,01000001000000000000000000010100
Pax5,01000000100000001000000001000000
Irs4,01000000100000000100000010000000
Cartpt,01000000100000000010000000010000
Lmo1,01000000100000000001000000100000
Rasgrp2,01000000100000000000100000000100
Nefh,01000000100000000000010000001000
Synpo2,01000000100000000000000100000010
Pnoc,01000000010000001000000010000000
En1,01000000010000000100000001000000
Esr1,01000000010000000010000000100000
Epb41l4a,01000000010000000001000000010000
Dach2,01000000010000000000100000001000
Gprc5b,01000000010000000000010000000100
Lgr5,01000000010000000000001000000010
Slc6a3,01000000010000000000000100000001
Cpa6,01000000001000001000000000010000
Ptpru,01000000001000000100000000100000
Lhx1,01000000001000000010000001000000
Runx2,01000000001000000001000010000000
Prdm16,01000000001000000000100000000001
Myo5b,01000000001000000000010000000010
Sncg,01000000001000000000001000000100
Sema5b,01000000001000000000000100001000
Mab21l2,01000000000100001000000000100000
Adamts2,01000000000100000100000000010000
Hoxb3,01000000000100000010000010000000
Hcrtr2,01000000000100000001000001000000
Hrh3,01000000000100000000100000000010
Doc2b,01000000000100000000010000000001
Hmgb3,01000000000100000000001000001000
Zic4,01000000000100000000000100000100
L3mbtl4,01000000000010001000000000000100
Vwa5b1,01000000000010000100000000001000
9330158H04Rik,01000000000010000010000000000001
Asb4,01000000000010000001000000000010
Pcdh8,01000000000010000000100001000000
Syndig1l,01000000000010000000010010000000
Rprm,01000000000010000000001000010000
Arhgap36,01000000000010000000000100100000
Chrna7,01000000000001001000000000001000
Cacng5,01000000000001000100000000000100
Pax2,01000000000001000010000000000010
Lrrc55,01000000000001000001000000000001
Cntnap3,01000000000001000000100010000000
Cd24a,01000000000001000000010001000000
Bhlhe22,01000000000001000000001000100000
Pdyn,01000000000001000000000100010000
Scn5a,01000000000000101000000000000001
Htr2a,01000000000000100100000000000010
Pou3f1,01000000000000100010000000000100
Pou4f1,01000000000000100001000000001000
Prkcd,01000000000000100000100000010000
St8sia6,01000000000000100000010000100000
Arx,01000000000000100000001001000000
Neurod6,01000000000000100000000110000000
Phox2b,01000000000000011000000000000010
Isl1,01000000000000010100000000000001
Ret,01000000000000010010000000001000
Gpc3,01000000000000010001000000000100
Npsr1,01000000000000010000100000100000
Chrna4,01000000000000010000010000010000
Nhlh2,01000000000000010000001010000000
Ndnf,01000000000000010000000101000000
Rgs12,00111100000000000000000000000000
Rspo3,00110011000000000000000000000000
Dnah9,00110000110000000000000000000000
Itga8,00110000001100000000000000000000
Gpr149,00110000000011000000000000000000
Gpr83,00110000000000110000000000000000
Sntb1,00110000000000001100000000000000
Npy1r,00110000000000000011000000000000
Arhgap15,00110000000000000000110000000000
Col23a1,00110000000000000000001100000000
Car8,00110000000000000000000011000000
Tph2,00110000000000000000000000110000
Trpc6,00110000000000000000000000001100
Mab21l1,00110000000000000000000000000011
Adra1b,00101000100000100000000000000000
Lhx2,00101000010000010000000000000000
Drd2,00101000001010000000000000000000
Angpt1,00101000000101000000000000000000
Mecom,00101000000000001000001000000000
Adam12,00101000000000000100000100000000
Dcn,00101000000000000010100000000000
Fos,00101000000000000001010000000000
Cpne2,00101000000000000000000010000010
Fbn1,00101000000000000000000001000001
Stac2,00101000000000000000000000101000
Prkg2,00101000000000000000000000010100
Cpne9,00100100100000010000000000000000
Casz1,00100100010000100000000000000000
Syt10,00100100001001000000000000000000
Gja1,00100100000110000000000000000000
Cldn11,00100100000000001000000100000000
Oprk1,00100100000000000100001000000000
Pdgfc,00100100000000000001100000000000
Stk32a,00100100000000000000000010000001
Rreb1,00100100000000000000000001000010
Pax6,00100100000000000000000000100100
Dlx1as,00100100000000000000000000011000
Slc24a4,00100010100010000000000000000000
Gal,00100010010001000000000000000000
Hrk,00100010001000100000000000000000
Trhr,00100010000100010000000000000000
Fbn2,00100010000000001000100000000000
Rpp25,00100010000000000100010000000000
P3h2,00100010000000000001000100000000
Htr1b,00100010000000000000000010001000
Nr4a3,00100010000000000000000001000100
Ror1,00100010000000000000000000100010
Tacr3,00100010000000000000000000010001
Klhdc8a,00100001100001000000000000000000
Amigo2,00100001010010000000000000000000
Npnt,00100001001000010000000000000000
Nptx2,00100001000100100000000000000000
Foxo1,00100001000000001000010000000000
Nxph3,00100001000000000100100000000000
Tspan18,00100001000000000010000100000000
St8sia2,00100001000000000001001000000000
Ppif,00100001000000000000000010000100
Stk32b,00100001000000000000000001001000
Crhbp,00100001000000000000000000100001
Ppp1r1b,00100001000000000000000000010010
Rcn1,00100000100000001000000000100000
Nts,00100000100000000100000000010000
Chst9,00100000100000000010000010000000
Adra2a,00100000100000000001000001000000
Th,00100000100000000000100000000010
Plce1,00100000100000000000010000000001
Kcnj4,00100000100000000000001000001000
Mme,00100000100000000000000100000100
Igfbp4,00100000010000001000000000010000
Gng8,00100000010000000100000000100000
Mafb,00100000010000000010000001000000
Hopx,00100000010000000001000010000000
Zic5,00100000010000000000100000000001
Crym,00100000010000000000010000000010
Sp9,00100000010000000000001000000100
Pcdh20,00100000010000000000000100001000
Zfp831,00100000001000001000000010000000
Slc6a4,00100000001000000100000001000000
Bcl6,00100000001000000010000000100000
Acvr1c,00100000001000000000100000001000
Rxfp1,00100000001000000000010000000100
Coro6,00100000001000000000001000000010
Lncenc1,00100000001000000000000100000001
Lancl3,00100000000100001000000001000000
Col8a1,00100000000100000100000010000000
Ntn1,00100000000100000010000000010000
Kcng1,00100000000100000000100000000100
Kirrel,00100000000100000000010000001000
Vcan,00100000000100000000001000000001
Aqp4,00100000000100000000000100000010
Sertm1,00100000000010001000000000000010
Nek10,00100000000010000100000000000001
Lmx1b,00100000000010000010000000001000
Ano1,00100000000010000001000000000100
Gpr139,00100000000010000000100000100000
Otof,00100000000010000000010000010000
Hoxc4,00100000000010000000001010000000
Dlx6,00100000000010000000000101000000
Tgfb2,00100000000001001000000000000001
Col26a1,00100000000001000100000000000010
Cdh23,00100000000001000010000000000100
Tll1,00100000000001000001000000001000
Wnt5a,00100000000001000000100000010000
Tac2,00100000000001000000010000100000
Sim1,00100000000001000000001001000000
Gpr37l1,00100000000000101000000000001000
Otx2,00100000000000100100000000000100
Klf5,00100000000000100010000000000010
Tal1,00100000000000100001000000000001
Pla2g7,00100000000000100000100010000000
Fat4,00100000000000100000010001000000
Egfr,00100000000000100000001000100000
Pde5a,00100000000000100000000100010000
Lhx5,00100000000000011000000000000100
St3gal1,00100000000000010100000000001000
Sox1,00100000000000010010000000000001
Maged2,00100000000000010001000000000010
Mmel1,00100000000000010000100001000000
Gfap,00100000000000010000010010000000
Slc5a5,00100000000000010000001000010000
Akain1,00100000000000010000000100100000
D130009I18Rik,00011000100000010000000000000000
Rgs16,00011000010000100000000000000000
Atp10a,00011000001001000000000000000000
Npy2r,00011000000110000000000000000000
Moxd1,00011000000000001000000100000000
Palld,00011000000000000100001000000000
Ramp3,00011000000000000010010000000000
Adamts16,00011000000000000001100000000000
Fibcd1,00011000000000000000000010000001
Per2,00011000000000000000000001000010
Lemd1,00011000000000000000000000100100
Ccbe1,00011000000000000000000000011000
Fgf10,00010100100000100000000000000000
Adcy7,00010100010000010000000000000000
Slc10a4,00010100000101000000000000000000
Bmpr1b,00010100000000001000001000000000
Filip1,00010100000000000100000100000000
Adamts18,00010100000000000010100000000000
Glp1r,00010100000000000001010000000000
D130079A08Rik,00010100000000000000000010000010
Lmx1a,00010100000000000000000001000001
Klhl14,00010100000000000000000000010100
C1ql1,00010010100001000000000000000000
Rxrg,00010010010010000000000000000000
Irx2,00010010001000010000000000000000
Rspo2,00010010000100100000000000000000
Rgs5,00010010000000001000010000000000
Pax7,00010010000000000100100000000000
Lpar1,00010010000000000010000100000000
Prdm8,00010010000000000001001000000000
Sema3d,00010010000000000000000010000100
Sstr2,00010010000000000000000001001000
Hoxb4,00010010000000000000000000100001
Rwdd2a,00010010000000000000000000010010
Kcnab3,00010001100010000000000000000000
Calcr,00010001010001000000000000000000
Fam107a,00010001001000100000000000000000
Inhba,00010001000100010000000000000000
Prkcq,00010001000000001000100000000000
Qpct,00010001000000000100010000000000
Tfap2d,00010001000000000010001000000000
Skap1,00010001000000000001000100000000
Stard5,00010001000000000000000010001000
Sox9,00010001000000000000000001000100
Hmcn1,00010001000000000000000000100010
Matn2,00010001000000000000000000010001
Cckbr,00010000100000001000000000010000
Pappa,00010000100000000100000000100000
Hrh2,00010000100000000010000001000000
Tpbg,00010000100000000001000010000000
Gnrh1,00010000100000000000100000000001
B230323A14Rik,00010000100000000000010000000010
Slc25a13,00010000100000000000001000000100
Nbl1,00010000100000000000000100001000
Slc7a11,00010000010000001000000000100000
Wnt4,00010000010000000100000000010000
Ctxn3,00010000010000000010000010000000
Itih5,00010000010000000001000001000000
Ccdc141,00010000010000000000100000000010
Ptger3,00010000010000000000010000000001
4930452B06Rik,00010000010000000000001000001000
Fosl2,00010000010000000000000100000100
Lmo2,00010000001000001000000001000000
Fgd5,00010000001000000100000010000000
Adgrv1,00010000001000000010000000010000
Pcdh18,00010000001000000001000000100000
Scn4b,00010000001000000000100000000100
Pafah1b3,00010000001000000000010000001000
Pcsk6,00010000001000000000001000000001
Gli3,00010000001000000000000100000010
Slc17a8,00010000000100001000000010000000
Drd1,00010000000100000100000001000000
Gck,00010000000100000010000000100000
Fezf2,00010000000100000001000000010000
Kcnh3,00010000000100000000100000001000
Sall3,00010000000100000000010000000100
Zfp503,00010000000100000000001000000010
Crhr1,00010000000100000000000100000001
Cplx3,00010000000010001000000000000001
Fam163a,00010000000010000100000000000010
Tns1,00010000000010000010000000000100
Glis3,00010000000010000001000000001000
Asic4,00010000000010000000100000010000
Trh,00010000000010000000010000100000
Npas1,00010000000010000000001001000000
Medag,00010000000010000000000110000000
Crh,00010000000001000100000000000001
Tnfaip8l3,00010000000001000010000000001000
Igfbpl1,00010000000001000001000000000100
Pparg,00010000000001000000100000100000
Arhgef26,00010000000001000000010000010000
Lhx8,00010000000001000000001010000000
Abi3bp,00010000000000101000000000000100
Fgf11,00010000000000100100000000001000
Masp1,00010000000000100010000000000001
Htr1a,00010000000000100001000000000010
Adamts19,00010000000000100000100001000000
Arhgap22,00010000000000100000010010000000
A830036E02Rik,00010000000000100000001000010000
Fn1,00010000000000100000000100100000
Npr3,00010000000000011000000000001000
Rbp4,00010000000000010100000000000100
Gsto1,00010000000000010010000000000010
Ltbp1,00010000000000010001000000000001
Hrh1,00010000000000010000100010000000
Ankrd63,00010000000000010000010001000000
Rspo1,00010000000000010000001000100000
Pitx2,00010000000000010000000100010000
Colec12,00001111000000000000000000000000
Foxb1,00001100110000000000000000000000
Mylk,00001100001100000000000000000000
Rai14,00001100000011000000000000000000
Itga4,00001100000000110000000000000000
S1pr1,00001100000000001100000000000000
Sp8,00001100000000000011000000000000
Spag16,00001100000000000000110000000000
Zfp57,00001100000000000000000011000000
Cobll1,00001100000000000000000000110000
Cdhr1,00001100000000000000000000001100
Hoxb6,00001100000000000000000000000011
Cyp26b1,00001010101000000000000000000000
Kcns3,00001010010100000000000000000000
Map3k20,00001010000010100000000000000000
C1ql2,00001010000001010000000000000000
4930509J09Rik,00001010000000001010000000000000
Frem1,00001010000000000101000000000000
Pdgfra,00001010000000000000101000000000
Mfge8,00001010000000000000010100000000
Crb1,00001010000000000000000010100000
Gabre,00001010000000000000000001010000
Coch,00001010000000000000000000001010
Prss12,00001010000000000000000000000101
Dcdc2a,00001001100100000000000000000000
Coro1a,00001001011000000000000000000000
Fndc1,00001001000010010000000000000000
Eya2,00001001000001100000000000000000
Ntsr1,00001001000000001001000000000000
Grp,00001001000000000000100100000000
Pax8,00001001000000000000011000000000
Lpl,00001001000000000000000010010000
Gbx2,00001001000000000000000001100000
Bmp3,00001001000000000000000000001001
Fam20a,00001001000000000000000000000110
Mctp2,00001000100000001000000000001000
Pkp2,00001000100000000100000000000100
Acta2,00001000100000000010000000000010
Cdkn1a,00001000100000000001000000000001
Nkx2-1,00001000100000000000100010000000
Gpc4,00001000100000000000010001000000
Prrxl1,00001000100000000000001000100000
Hhip,00001000100000000000000100010000
Hapln1,00001000010000001000000000000100
Ddo,00001000010000000100000000001000
Actn2,00001000010000000010000000000001
Dlx2,00001000010000000001000000000010
Apex1,00001000010000000000100001000000
Piezo2,00001000010000000000010010000000
Pdgfd,00001000010000000000001000010000
Zbbx,00001000010000000000000100100000
Col12a1,00001000001000001000000000000010
Sox10,00001000001000000100000000000001
Serpinb1b,00001000001000000010000000001000
Pax3,00001000001000000001000000000100
Spp1,00001000001000000000100000100000
Serpina3n,00001000001000000000010000010000
Mog,00001000001000000000001010000000
Ror2,00001000001000000000000101000000
Lama1,00001000000100001000000000000001
Vsx2,00001000000100000100000000000010
Galr1,00001000000100000010000000000100
Diaph3,00001000000100000001000000001000
Zic2,00001000000100000000100000010000
Car12,00001000000100000000010000100000
Vgll3,00001000000100000000001001000000
4921534H16Rik,00001000000100000000000110000000
Lrrc10b,00001000000010001000000010000000
Ntsr2,00001000000010000100000001000000
Prokr2,00001000000010000010000000100000
Fosb,00001000000010000001000000010000
Eya4,00001000000010000000100000001000
Kcng2,00001000000010000000010000000100
Chrna3,00001000000010000000001000000010
Rbm20,00001000000010000000000100000001
Bmp6,00001000000001001000000001000000
Sytl5,00001000000001000100000010000000
Grhpr,00001000000001000010000000010000
Creb5,00001000000001000001000000100000
C230014O12Rik,00001000000001000000100000000100
Chrnb3,00001000000001000000010000001000
Tmem176b,00001000000001000000001000000001
Adgrg2,00001000000001000000000100000010
A830019P07Rik,00001000000000101000000000100000
Yif1b,00001000000000100100000000010000
Col6a1,00001000000000100010000010000000
Ednrb,00001000000000100001000001000000
Qrfpr,00001000000000100000100000000010
Slitrk6,00001000000000100000010000000001
Wnt7b,00001000000000100000001000001000
Cftr,00001000000000100000000100000100
Ccdc153,00001000000000011000000000010000
Scn7a,00001000000000010100000000100000
Rasd1,00001000000000010010000001000000
Igfbp6,00001000000000010001000010000000
Chat,00001000000000010000100000000001
Lcp1,00001000000000010000010000000010
Eya1,00001000000000010000001000000100
Ttc6,00001000000000010000000100001000
Cdc14a,00000110100100000000000000000000
P2ry1,00000110011000000000000000000000
Ano2,00000110000010010000000000000000
Hoxb8,00000110000001100000000000000000
Emx2,00000110000000001001000000000000
Lhx4,00000110000000000110000000000000
Pou4f2,00000110000000000000100100000000
Vegfc,00000110000000000000011000000000
Adh5,00000110000000000000000010010000
Trp73,00000110000000000000000001100000
Rnh1,00000110000000000000000000001001
Greb1,00000110000000000000000000000110
Irx5,00000101101000000000000000000000
Eomes,00000101010100000000000000000000
Pgr15l,00000101000010100000000000000000
Stk26,00000101000001010000000000000000
Shroom3,00000101000000001010000000000000
Ighm,00000101000000000101000000000000
Sfrp1,00000101000000000000101000000000
Tmem215,00000101000000000000010100000000
En2,00000101000000000000000010100000
Plekhd1,00000101000000000000000001010000
Irx3,00000101000000000000000000001010
Myo3b,00000101000000000000000000000101
Igf2,00000100100000001000000000000100
Sln,00000100100000000100000000001000
Rab33a,00000100100000000010000000000001
Colgalt2,00000100100000000001000000000010
Nox4,00000100100000000000100001000000
Barhl2,00000100100000000000010010000000
Chrna6,00000100100000000000001000010000
Lhfpl2,00000100100000000000000100100000
Calca,00000100010000001000000000001000
C130074G19Rik,00000100010000000100000000000100
Pmfbp1,00000100010000000010000000000010
Mrc1,00000100010000000001000000000001
Lama3,00000100010000000000100010000000
Acsbg1,00000100010000000000010001000000
Cp,00000100010000000000001000100000
Crispld1,00000100010000000000000100010000
Lepr,00000100001000001000000000000001
Pamr1,00000100001000000100000000000010
Itga9,00000100001000000010000000000100
Kl,00000100001000000001000000001000
Tnnt1,00000100001000000000100000010000
Slco5a1,00000100001000000000010000100000
Nxph2,00000100001000000000001001000000
Ethe1,00000100001000000000000110000000
Emx2os,00000100000100001000000000000010
Zic3,00000100000100000100000000000001
Pomc,00000100000100000010000000001000
Ermn,00000100000100000001000000000100
Comtd1,00000100000100000000100000100000
Slc26a4,00000100000100000000010000010000
Cgnl1,00000100000100000000001010000000
Trabd2b,00000100000100000000000101000000
Chodl,00000100000010001000000001000000
Samd3,00000100000010000100000010000000
Dnah11,00000100000010000010000000010000
Gzmk,00000100000010000001000000100000
Nkx2-2,00000100000010000000010000001000
Akr7a5,00000100000010000000001000000001
Ucp2,00000100000010000000000100000010
Oxtr,00000100000001001000000010000000
Onecut3,00000100000001000100000001000000
Adamtsl3,00000100000001000010000000100000
Hdc,00000100000001000001000000010000
Egflam,00000100000001000000100000001000
Calcrl,00000100000001000000010000000100
Thrsp,00000100000001000000001000000010
Ppp1r17,00000100000001000000000100000001
Gata2,00000100000000101000000000010000
Prph,00000100000000100100000000100000
Adora2a,00000100000000100010000001000000
4930438E09Rik,00000100000000100001000010000000
Sfrp2,00000100000000100000100000000001
Sstr1,00000100000000100000010000000010
Cd34,00000100000000100000001000000100
Ascl1,00000100000000100000000100001000
Oprd1,00000100000000011000000000100000
Ptprc,00000100000000010100000000010000
Tmem176a,00000100000000010010000010000000
Lhfpl5,00000100000000010001000001000000
Adgrf5,00000100000000010000100000000010
Grem1,00000100000000010000010000000001
Tgfbr2,00000100000000010000001000001000
Gsta4,00000100000000010000000100000100
Sox14,00000011110000000000000000000000
Boc,00000011001100000000000000000000
Il31ra,00000011000011000000000000000000
Timm50,00000011000000110000000000000000
H2-Q2,00000011000000001100000000000000
Cd44,00000011000000000011000000000000
Hs3st3b1,00000011000000000000110000000000
Htr3a,00000011000000000000001100000000
Rab37,00000011000000000000000011000000
Kazald1,00000011000000000000000000110000
Stc1,00000011000000000000000000001100
D430036J16Rik,00000011000000000000000000000011
Clic6,00000010100000001000000000000010
Dkk2,00000010100000000100000000000001
Frzb,00000010100000000010000000001000
Col15a1,00000010100000000001000000000100
Plscr4,00000010100000000000100000100000
Epha8,00000010100000000000010000010000
Rbp1,00000010100000000000001010000000
Pappa2,00000010100000000000000101000000
Mrpl16,00000010010000001000000000000001
Barhl1,00000010010000000100000000000010
Isyna1,00000010010000000010000000000100
Arsj,00000010010000000001000000001000
Nkx6-1,00000010010000000000100000010000
B9d2,00000010010000000000010000100000
Tbcc,00000010010000000000001001000000
Atp6ap1l,00000010010000000000000110000000
Tshr,00000010001000001000000000001000
Pifo,00000010001000000100000000000100
Car4,00000010001000000010000000000010
Lgr6,00000010001000000001000000000001
Gldn,00000010001000000000100010000000
Esyt3,00000010001000000000010001000000
Pim1,00000010001000000000001000100000
Ranbp3l,00000010001000000000000100010000
Met,00000010000100001000000000000100
Smoc2,00000010000100000100000000001000
Myl4,00000010000100000010000000000001
Vipr2,00000010000100000001000000000010
Bmp2,00000010000100000000100001000000
Nmb,00000010000100000000010010000000
9630002D21Rik,00000010000100000000001000010000
Col18a1,00000010000100000000000100100000
Barx2,00000010000010001000000000100000
Grin2c,00000010000010000100000000010000
Ccdc3,00000010000010000010000010000000
Agt,00000010000010000001000001000000
Col24a1,00000010000010000000100000000010
Ttn,00000010000010000000010000000001
B020031H02Rik,00000010000010000000001000001000
Ptpn14,00000010000010000000000100000100
Otx1,00000010000001001000000000010000
Dbh,00000010000001000100000000100000
Bves,00000010000001000010000001000000
Plekha2,00000010000001000001000010000000
Homer3,00000010000001000000100000000001
D930028M14Rik,00000010000001000000010000000010
Cidea,00000010000001000000001000000100
Slco1c1,00000010000001000000000100001000
Kcng4,00000010000000101000000010000000
Tfap2a,00000010000000100100000001000000
Pth2r,00000010000000100010000000100000
Krt12,00000010000000100001000000010000
Scube2,00000010000000100000100000001000
Fst,00000010000000100000010000000100
Lama4,00000010000000100000001000000010
Nfkbib,00000010000000100000000100000001
Mafa,00000010000000011000000001000000
Egln3,00000010000000010100000010000000
Cldn5,00000010000000010010000000010000
Abcc9,00000010000000010001000000100000
Fam43a,00000010000000010000100000000100
Npas4,00000010000000010000010000001000
Apold1,00000010000000010000001000000001
Opalin,00000001100000001000000000000001
Tmem26,00000001100000000100000000000010
Slc6a2,00000001100000000010000000000100
Robo3,00000001100000000001000000001000
Adamts9,00000001100000000000100000010000
Nkd1,00000001100000000000010000100000
Sostdc1,00000001100000000000000110000000
Tpm2,00000001010000001000000000000010
Skor1,00000001010000000100000000000001
Anxa2,00000001010000000010000000001000
Hpgd,00000001010000000001000000000100
Tnnc1,00000001010000000000010000010000
Padi2,00000001010000000000001010000000
Ctsc,00000001010000000000000101000000
Popdc3,00000001001000001000000000000100
Fli1,00000001001000000100000000001000
Mamdc2,00000001001000000010000000000001
Adgrg6,00000001001000000001000000000010
Pthlh,00000001001000000000100001000000
Esr2,00000001001000000000010010000000
Wnt7a,00000001001000000000001000010000
Hgf,00000001001000000000000100100000
Dsg2,00000001000100000100000000000100
Hcrtr1,00000001000100000010000000000010
Wif1,00000001000100000001000000000001
Fbln2,00000001000100000000100010000000
Grid2ip,00000001000100000000010001000000
Drd3,00000001000100000000001000100000
Fibin,00000001000100000000000100010000
Vit,00000001000010001000000000010000
Drd5,00000001000010000100000000100000
Mcub,00000001000010000010000001000000
Adamts12,00000001000010000001000010000000
Sall1,00000001000010000000100000000001
Hspb8,00000001000010000000010000000010
Cnpy1,00000001000010000000001000000100
Ntf3,00000001000010000000000100001000
Fgf18,00000001000001001000000000100000
Glt8d2,00000001000001000100000000010000
Bace2,00000001000001000010000010000000
Gpr150,00000001000001000001000001000000
Slc35d3,00000001000001000000100000000010
Bmp4,00000001000001000000010000000001
Tbx3,00000001000001000000001000001000
Esrrb,00000001000001000000000100000100
Nmur2,00000001000000101000000001000000
Mchr1,00000001000000100100000010000000
Prdm12,00000001000000100010000000010000
Bsx,00000001000000100001000000100000
Rxfp3,00000001000000100000100000000100
Lsp1,00000001000000100000010000001000
Ccdc187,00000001000000100000001000000001
D7Ertd443e,00000001000000100000000100000010
B930025P03Rik,00000001000000011000000010000000
Kcnj5,00000001000000010100000001000000
Gpr50,00000001000000010010000000100000
Col14a1,00000001000000010001000000010000
Dock5,00000001000000010000100000001000
Aldh3b2,00000001000000010000010000000100
Abca8a,00000001000000010000001000000010
Lamb3,00000001000000010000000100000001
Lrp4,00000000111100000000000000000000
Cubn,00000000110011000000000000000000
Corin,00000000110000110000000000000000
Spin2c,00000000110000001100000000000000
Nr2e1,00000000110000000011000000000000
Col27a1,00000000110000000000110000000000
Sox21,00000000110000000000001100000000
Tpbgl,00000000110000000000000011000000
Cckar,00000000110000000000000000110000
Foxa1,00000000110000000000000000000011
Ddit4l,00000000101001010000000000000000
Slc12a8,00000000101000001010000000000000
Slc18a3,00000000101000000101000000000000
2610028E06Rik,00000000101000000000101000000000
Six6,00000000101000000000010100000000
Tnnt2,00000000101000000000000010100000
Slc9a3r1,00000000101000000000000001010000
Cngb3,00000000101000000000000000001010
Ddr2,00000000101000000000000000000101
A730046J19Rik,00000000100110010000000000000000
Fzd5,00000000100101100000000000000000
Ovol2,00000000100100001001000000000000
Adgrd1,00000000100100000110000000000000
4930426D05Rik,00000000100100000000100100000000
Crhr2,00000000100100000000011000000000
Frmd7,00000000100100000000000010010000
A630012P03Rik,00000000100100000000000001100000
Ngf,00000000100100000000000000001001
Nfam1,00000000100100000000000000000110
Prom1,00000000100010001000100000000000
Fam122b,00000000100010000100010000000000
Fezf1,00000000100010000010001000000000
Serinc2,00000000100010000001000100000000
Gxylt2,00000000100010000000000010001000
Baz1a,00000000100010000000000001000100
Chrdl1,00000000100010000000000000100010
Creb3l1,00000000100010000000000000010001
Htr1d,00000000100001001000010000000000
Ptgs2,00000000100001000100100000000000
Ccdc192,00000000100001000010000100000000
Inhbb,00000000100001000001001000000000
Dmbx1,00000000100001000000000010000100
Zan,00000000100001000000000001001000
Mc4r,00000000100001000000000000100001
Mybpc1,00000000100001000000000000010010
Evx1os,00000000100000101000001000000000
Prss23,00000000100000100100000100000000
Slc7a10,00000000100000100010100000000000
4930467D21Rik,00000000100000100001010000000000
Dio3,00000000100000100000000010000010
Tnc,00000000100000100000000001000001
6430628N08Rik,00000000100000100000000000101000
Edaradd,00000000100000100000000000010100
Fyb,00000000100000011000000100000000
Ctss,00000000100000010100001000000000
Agtr1a,00000000100000010010010000000000
Ets1,00000000100000010001100000000000
Fbln5,00000000100000010000000010000001
Ly6g6e,00000000100000010000000001000010
Npffr2,00000000100000010000000000100100
Fbln1,00000000100000010000000000011000
Slc6a13,00000000011010010000000000000000
Sh3rf2,00000000011001100000000000000000
Grpr,00000000011000001001000000000000
Cfap206,00000000011000000110000000000000
Gas2l3,00000000011000000000100100000000
Ednra,00000000011000000000011000000000
Arhgap25,00000000011000000000000010010000
Prok2,00000000011000000000000001100000
Antxr2,00000000011000000000000000001001
Col5a2,00000000011000000000000000000110
C730002L08Rik,00000000010101010000000000000000
Alox8,00000000010100001010000000000000
Mcm6,00000000010100000101000000000000
Tnfrsf8,00000000010100000000101000000000
Nr5a2,00000000010100000000010100000000
Catsperd,00000000010100000000000010100000
Scgn,00000000010100000000000001010000
Sla,00000000010100000000000000001010
Evx2,00000000010100000000000000000101
Gna14,00000000010010001000010000000000
Foxa2,00000000010010000100100000000000
Sec14l5,00000000010010000010000100000000
Ttc29,00000000010010000001001000000000
Arhgap28,00000000010010000000000010000100
Lamc2,00000000010010000000000001001000
Tgfbi,00000000010010000000000000100001
Pirt,00000000010010000000000000010010
Frem3,00000000010001001000100000000000
Styk1,00000000010001000100010000000000
Chrna5,00000000010001000010001000000000
Fmo1,00000000010001000001000100000000
Igsf1,00000000010001000000000010001000
Cited1,00000000010001000000000001000100
Col6a3,00000000010001000000000000010001
Aldh1l1,00000000010000101000000100000000
Clic5,00000000010000100100001000000000
Kif11,00000000010000100010010000000000
Serpinf1,00000000010000100001100000000000
Nudt14,00000000010000100000000010000001
Dkkl1,00000000010000100000000001000010
Trdn,00000000010000100000000000100100
Gpr4,00000000010000100000000000011000
Nkx2-4,00000000010000011000001000000000
Hs3st3a1,00000000010000010100000100000000
Ecm2,00000000010000010010100000000000
Cd36,00000000010000010001010000000000
Rxfp2,00000000010000010000000010000010
Gem,00000000010000010000000001000001
Tspear,00000000010000010000000000101000
Pdlim1,00000000010000010000000000010100
Mdfic,00000000001111000000000000000000
Hpse2,00000000001100110000000000000000
Cdkn1c,00000000001100001100000000000000
Atp6v1c2,00000000001100000011000000000000
Cwh43,00000000001100000000110000000000
Hmx2,00000000001100000000001100000000
Tnfrsf11b,00000000001100000000000011000000
4921539H07Rik,00000000001100000000000000110000
Rab38,00000000001100000000000000001100
Glp2r,00000000001100000000000000000011
Emp2,00000000001010001000001000000000
Epsti1,00000000001010000100000100000000
Blnk,00000000001010000010100000000000
Svep1,00000000001010000001010000000000
Cdh3,00000000001010000000000010000010
Skor2,00000000001010000000000001000001
Clrn1,00000000001010000000000000101000
Tmem114,00000000001010000000000000010100
Tnfaip6,00000000001001001000000100000000
C1qtnf7,00000000001001000100001000000000
Prss35,00000000001001000010010000000000
Olig3,00000000001001000001100000000000
Smpdl3b,00000000001001000000000010000001
Avpr1a,00000000001001000000000001000010
5830418P13Rik,00000000001001000000000000100100
Gabra6,00000000001001000000000000011000
Layn,00000000001000101000100000000000
Gli2,00000000001000100010001000000000
Lrrc38,00000000001000100001000100000000
Pth2,00000000001000100000000010001000
Col5a1,00000000001000100000000001000100
Dbx2,00000000001000100000000000100010
Adam18,00000000001000100000000000010001
Scnn1a,00000000001000011000010000000000
Chrna2,00000000001000010100100000000000
Gnb3,00000000001000010010000100000000
Ccdc80,00000000001000010001001000000000
Gpr6,00000000001000010000000010000100
Casq2,00000000001000010000000001001000
Pgm5,00000000001000010000000000100001
Gcnt4,00000000001000010000000000010010
Cnmd,00000000000110001000000100000000
Adam33,00000000000110000100001000000000
Endou,00000000000110000010010000000000
Frem2,00000000000110000001100000000000
Pdlim3,00000000000110000000000010000001
Pmaip1,00000000000110000000000001000010
Vdr,00000000000110000000000000100100
Brs3,00000000000110000000000000011000
A2m,00000000000101001000001000000000
Cnga3,00000000000101000100000100000000
Igfn1,00000000000101000010100000000000
Crybg1,00000000000101000001010000000000
Igf2bp2,00000000000101000000000010000010
Agtr2,00000000000101000000000001000001
Fat2,00000000000101000000000000101000
Mirt1,00000000000101000000000000010100
Asb2,00000000000100101000010000000000
Npbwr1,00000000000100100100100000000000
Egr2,00000000000100100010000100000000
A830009L08Rik,00000000000100100001001000000000
Cyp19a1,00000000000100100000000010000100
Casr,00000000000100100000000001001000
Cd247,00000000000100100000000000100001
Ung,00000000000100100000000000010010
Ccnb1,00000000000100011000100000000000
Nfatc1,00000000000100010100010000000000
Itih3,00000000000100010010001000000000
Serpina3g,00000000000100010001000100000000
Fzd2,00000000000100010000000010001000
Nmbr,00000000000100010000000001000100
Serpinb8,00000000000100010000000000100010
Siglech,00000000000011110000000000000000
Hpse,00000000000011001100000000000000
Mbnl3,00000000000011000011000000000000
A330076C08Rik,00000000000011000000110000000000
Edn3,00000000000011000000001100000000
Hspg2,00000000000011000000000011000000
Gcg,00000000000011000000000000110000
Itga2,00000000000011000000000000001100
Aqp1,00000000000011000000000000000011
C030029H02Rik,00000000000010101010000000000000
Snx31,00000000000010100101000000000000
Col6a5,00000000000010100000101000000000
Pla2g5,00000000000010100000010100000000
Usp43,00000000000010100000000010100000
Ckap2l,00000000000010100000000001010000
2900052N01Rik,00000000000010100000000000001010
Ucma,00000000000010100000000000000101
Osr1,00000000000010011001000000000000
Folh1,00000000000010010110000000000000
Krt9,00000000000010010000100100000000
Abhd12b,00000000000010010000011000000000
Clspn,00000000000010010000000001100000
Arhgef38,00000000000010010000000000001001
Aldh1a3,00000000000010010000000000000110
Irx6,00000000000001101001000000000000
Tcap,00000000000001100110000000000000
Gpr39,00000000000001100000100100000000
Thbs4,00000000000001100000011000000000
Insm2,00000000000001100000000010010000
Aqp6,00000000000001100000000001100000
Cdk15,00000000000001100000000000001001
Serpina9,00000000000001100000000000000110
St14,00000000000001011010000000000000
Cd79a,00000000000001010101000000000000
Nr5a1,00000000000001010000101000000000
Plscr5,00000000000001010000010100000000
Alpk2,00000000000001010000000010100000
Foxd2,00000000000001010000000001010000
Upk1b,00000000000001010000000000001010
Slc39a8,00000000000001010000000000000101
Calcb,00000000000000111100000000000000
Lipg,00000000000000110011000000000000
C7,00000000000000110000110000000000
Lrat,00000000000000110000001100000000
Tcf19,00000000000000110000000000110000
Prdm13,00000000000000110000000000001100
Lmcd1,00000000000000110000000000000011
Klk8,00000000000000001100110000000000
Epha1,00000000000000001100001100000000
Trim54,00000000000000001100000011000000
Nms,00000000000000001100000000110000
Gsx1,00000000000000001100000000001100
Bhlhe23,00000000000000001100000000000011
Fgf3,00000000000000001010101000000000
Klk6,00000000000000001010010100000000
Kcnj8,00000000000000001010000010100000
Pif1,00000000000000001010000001010000
Itgad,00000000000000001010000000001010
Prss22,00000000000000001010000000000101
Dmrt2,00000000000000001001100100000000
Ccdc42,00000000000000001001011000000000
Rax,00000000000000001001000010010000
Car3,00000000000000001001000001100000
Meox2,00000000000000001001000000001001
Slfn9,00000000000000001001000000000110
Stk31,00000000000000001000100010001000
1700057H15Rik,00000000000000001000100000100010
Lnp1,00000000000000001000100000010001
Vgll2,00000000000000001000010010000100
Apela,00000000000000001000010001001000
Gdf6,00000000000000001000010000100001
Lmod2,00000000000000001000010000010010
Cxcl5,00000000000000001000001010000010
Fbxw13,00000000000000001000001001000001
Serpinb7,00000000000000001000001000101000
Adad1,00000000000000001000001000010100
Npvf,00000000000000001000000110000001
Fam84b,00000000000000001000000101000010
Fam19a2,00000000000000001000000100100100
Fam46a,00000000000000001000000100011000
Fam19a4,00000000000000000110100100000000
Fam196b,00000000000000000110011000000000
BC030499,00000000000000000110000010010000
Ctgf,00000000000000000110000001100000
Nov,00000000000000000110000000001001
Wisp1,00000000000000000110000000000110
AC102910.1,00000000000000000101101000000000
Fam19a1,00000000000000000101010100000000
